{
  "accuracy": 0.9531232040459253,
  "precision": 0.9559170792752598,
  "recall": 0.9638993130993921,
  "f1_score": 0.9598916018772982,
  "confusion_matrix": [
    [
      61417,
      4051
    ],
    [
      3290,
      87844
    ]
  ]
}